api,latitude,longitude,type,lateral_azimuth_deg,well_name,status,operator
42-317-45816,32.06922,-102.17267,oil/gas,166.1,2H,active,
42-317-45818,32.07058,-102.16656,oil/gas,161.2,4H,active,
42-329-30936,32.07074,-102.1745,dry hole,,1,dry hole,
42-329-37587,32.06953,-102.1603,oil,,4,active,
42-329-36101,32.05629,-102.17451,dry hole,,1208,dry hole,
42-329-31556,32.0675,-102.16251,oil,,1,active,
42-329-40218,32.07154,-102.16822,permitted,345.6,12,permitted,
42-317-45820,32.07165,-102.16198,oil/gas,342.4,6H,active,
42-329-36355,32.06441,-102.17338,permitted,,2,permitted,
42-329-35205,32.06778,-102.16943,oil,,3,active,
42-329-xxxxx,32.06533,-102.16395,dry hole,,1,dry hole,
42-329-39287,32.06969,-102.17502,oil,,3,plugged,
42-329-40219,32.07073,-102.17165,permitted,345.0,13,permitted,
42-329-36421,32.0565,-102.17477,oil,,1208R,active,
